/*
-- Query: SELECT * FROM `cs157a-team6`.customer
-- Date: 2021-12-10 17:29
*/
CREATE TABLE customer (First_Name VARCHAR(50), Last_Name VARCHAR(50), Email VARCHAR(100), ID INT AUTO_INCREMENT, PRIMARY KEY (ID));
INSERT INTO `customer` (`First_Name`,`Last_Name`,`Email`,`ID`) VALUES ('Annabel','Sharma','aSharma@gmail.com',1);
INSERT INTO `customer` (`First_Name`,`Last_Name`,`Email`,`ID`) VALUES ('Yousif','Dowling','yDowling@gmail.com',2);
INSERT INTO `customer` (`First_Name`,`Last_Name`,`Email`,`ID`) VALUES ('Zahara','Rodriquez','zRodriquez@gmail.com',3);
INSERT INTO `customer` (`First_Name`,`Last_Name`,`Email`,`ID`) VALUES ('Elijah','Browning','eBrowning@gmail.com',4);
INSERT INTO `customer` (`First_Name`,`Last_Name`,`Email`,`ID`) VALUES ('Norma','Villegas','nVillegas@gmail.com',5);
INSERT INTO `customer` (`First_Name`,`Last_Name`,`Email`,`ID`) VALUES ('Danica','Dyer','dDyer@gmail.com',6);
INSERT INTO `customer` (`First_Name`,`Last_Name`,`Email`,`ID`) VALUES ('Rufus','Norris','rNorris@gmail.com',7);
INSERT INTO `customer` (`First_Name`,`Last_Name`,`Email`,`ID`) VALUES ('Gideon','Hopper','gHopper@gmail.com',8);
INSERT INTO `customer` (`First_Name`,`Last_Name`,`Email`,`ID`) VALUES ('Jobe','Derrick','jDerrick@gmail.com',9);
INSERT INTO `customer` (`First_Name`,`Last_Name`,`Email`,`ID`) VALUES ('Helin','Hoffman','hHoffman@gmail.com',10);
INSERT INTO `customer` (`First_Name`,`Last_Name`,`Email`,`ID`) VALUES ('Christina','Lynn','cLynn@gmail.com',11);
INSERT INTO `customer` (`First_Name`,`Last_Name`,`Email`,`ID`) VALUES ('Jordon','Beltran','jBeltran@gmail.com',12);
INSERT INTO `customer` (`First_Name`,`Last_Name`,`Email`,`ID`) VALUES ('Connar','Park','cPark@gmail.com',13);
INSERT INTO `customer` (`First_Name`,`Last_Name`,`Email`,`ID`) VALUES ('Adele','Baldwin','aBaldwin@gmail.com',14);
INSERT INTO `customer` (`First_Name`,`Last_Name`,`Email`,`ID`) VALUES ('Vanessa','Frame','vFrame@gmail.com',15);
/*
-- Query: SELECT * FROM `cs157a-team6`.matches
-- Date: 2021-12-10 17:14
*/
CREATE TABLE Matches (Match_ID INT, Team1Name VARCHAR(100), Team2Name VARCHAR(100), Date DATE, Time TIME, Stadium_Name VARCHAR(100), Referee_ID INT, PRIMARY KEY (Match_ID));
INSERT INTO `matches` (`Match_ID`,`Team1Name`,`Team2Name`,`Date`,`Time`,`Stadium_Name`,`Referee_ID`) VALUES (1,'Orlando Magic','San Antonio Spurs','2022-09-24','18:45:00','Amway Center',1);
INSERT INTO `matches` (`Match_ID`,`Team1Name`,`Team2Name`,`Date`,`Time`,`Stadium_Name`,`Referee_ID`) VALUES (2,'San Antonio Spurs','Brooklyn Nets','2022-01-16','12:15:00','AT&T Center',2);
INSERT INTO `matches` (`Match_ID`,`Team1Name`,`Team2Name`,`Date`,`Time`,`Stadium_Name`,`Referee_ID`) VALUES (3,'Brooklyn Nets','Golden State Warriors','2022-09-20','13:00:00','Barclays Center',3);
INSERT INTO `matches` (`Match_ID`,`Team1Name`,`Team2Name`,`Date`,`Time`,`Stadium_Name`,`Referee_ID`) VALUES (4,'Golden State Warriors','Milwaukee Bucks','2022-10-03','16:45:00','Chase Center',4);
INSERT INTO `matches` (`Match_ID`,`Team1Name`,`Team2Name`,`Date`,`Time`,`Stadium_Name`,`Referee_ID`) VALUES (5,'Milwaukee Bucks','Miami Heat','2022-08-19','17:00:00','Fiserv Forum',5);
INSERT INTO `matches` (`Match_ID`,`Team1Name`,`Team2Name`,`Date`,`Time`,`Stadium_Name`,`Referee_ID`) VALUES (6,'Miami Heat','Sacramento Kings','2022-10-25','11:45:00','FTX Arena',6);
INSERT INTO `matches` (`Match_ID`,`Team1Name`,`Team2Name`,`Date`,`Time`,`Stadium_Name`,`Referee_ID`) VALUES (7,'Sacramento Kings','Portland Trail Blazers','2022-05-23','12:00:00','Golden 1 Center',7);
INSERT INTO `matches` (`Match_ID`,`Team1Name`,`Team2Name`,`Date`,`Time`,`Stadium_Name`,`Referee_ID`) VALUES (8,'Portland Trail Blazers','Cleveland Cavaliers','2022-06-22','13:30:00','Madison Square Guarden',8);
INSERT INTO `matches` (`Match_ID`,`Team1Name`,`Team2Name`,`Date`,`Time`,`Stadium_Name`,`Referee_ID`) VALUES (9,'Cleveland Cavaliers','Charlotte Hornets','2022-05-28','09:00:00','Moda Center',9);
INSERT INTO `matches` (`Match_ID`,`Team1Name`,`Team2Name`,`Date`,`Time`,`Stadium_Name`,`Referee_ID`) VALUES (10,'Charlotte Hornets','Minnesota Timberwolves','2022-10-30','11:00:00','Rocket Mortgage FieldHouse',10);
INSERT INTO `matches` (`Match_ID`,`Team1Name`,`Team2Name`,`Date`,`Time`,`Stadium_Name`,`Referee_ID`) VALUES (11,'Minnesota Timberwolves','Chicago Bulls','2022-06-12','13:45:00','Spectrum Center',11);
INSERT INTO `matches` (`Match_ID`,`Team1Name`,`Team2Name`,`Date`,`Time`,`Stadium_Name`,`Referee_ID`) VALUES (12,'Chicago Bulls','Philadelphia 76ers','2022-03-25','16:00:00','Target Center',12);
INSERT INTO `matches` (`Match_ID`,`Team1Name`,`Team2Name`,`Date`,`Time`,`Stadium_Name`,`Referee_ID`) VALUES (13,'Philadelphia 76ers','New York Knicks','2022-01-12','18:30:00','United Center',13);
INSERT INTO `matches` (`Match_ID`,`Team1Name`,`Team2Name`,`Date`,`Time`,`Stadium_Name`,`Referee_ID`) VALUES (14,'New York Knicks','Dallas Mavericks','2022-05-20','11:30:00','Wells Fargo Center',14);
INSERT INTO `matches` (`Match_ID`,`Team1Name`,`Team2Name`,`Date`,`Time`,`Stadium_Name`,`Referee_ID`) VALUES (15,'Dallas Mavericks','Orlando Magic','2022-01-06','17:45:00','State Farm Arena',15);
INSERT INTO `matches` (`Match_ID`,`Team1Name`,`Team2Name`,`Date`,`Time`,`Stadium_Name`,`Referee_ID`) VALUES (16,'Orlando Magic','San Antonio Spurs','2021-09-24','18:45:00','Amway Center',1);
INSERT INTO `matches` (`Match_ID`,`Team1Name`,`Team2Name`,`Date`,`Time`,`Stadium_Name`,`Referee_ID`) VALUES (17,'San Antonio Spurs','Brooklyn Nets','2021-01-16','12:15:00','AT&T Center',2);
INSERT INTO `matches` (`Match_ID`,`Team1Name`,`Team2Name`,`Date`,`Time`,`Stadium_Name`,`Referee_ID`) VALUES (18,'Brooklyn Nets','Golden State Warriors','2021-09-20','13:00:00','Barclays Center',3);
INSERT INTO `matches` (`Match_ID`,`Team1Name`,`Team2Name`,`Date`,`Time`,`Stadium_Name`,`Referee_ID`) VALUES (19,'Golden State Warriors','Milwaukee Bucks','2021-10-03','16:45:00','Chase Center',4);
INSERT INTO `matches` (`Match_ID`,`Team1Name`,`Team2Name`,`Date`,`Time`,`Stadium_Name`,`Referee_ID`) VALUES (20,'Milwaukee Bucks','Miami Heat','2021-08-19','17:00:00','Fiserv Forum',5);
INSERT INTO `matches` (`Match_ID`,`Team1Name`,`Team2Name`,`Date`,`Time`,`Stadium_Name`,`Referee_ID`) VALUES (21,'Miami Heat','Sacramento Kings','2021-10-25','11:45:00','FTX Arena',6);
INSERT INTO `matches` (`Match_ID`,`Team1Name`,`Team2Name`,`Date`,`Time`,`Stadium_Name`,`Referee_ID`) VALUES (22,'Sacramento Kings','Portland Trail Blazers','2021-05-23','12:00:00','Golden 1 Center',7);
INSERT INTO `matches` (`Match_ID`,`Team1Name`,`Team2Name`,`Date`,`Time`,`Stadium_Name`,`Referee_ID`) VALUES (23,'Portland Trail Blazers','Cleveland Cavaliers','2021-06-22','13:30:00','Madison Square Guarden',8);
INSERT INTO `matches` (`Match_ID`,`Team1Name`,`Team2Name`,`Date`,`Time`,`Stadium_Name`,`Referee_ID`) VALUES (24,'Cleveland Cavaliers','Charlotte Hornets','2021-05-28','09:00:00','Moda Center',9);
INSERT INTO `matches` (`Match_ID`,`Team1Name`,`Team2Name`,`Date`,`Time`,`Stadium_Name`,`Referee_ID`) VALUES (25,'Charlotte Hornets','Minnesota Timberwolves','2021-10-30','11:00:00','Rocket Mortgage FieldHouse',10);
INSERT INTO `matches` (`Match_ID`,`Team1Name`,`Team2Name`,`Date`,`Time`,`Stadium_Name`,`Referee_ID`) VALUES (26,'Minnesota Timberwolves','Chicago Bulls','2021-06-12','13:45:00','Spectrum Center',11);
INSERT INTO `matches` (`Match_ID`,`Team1Name`,`Team2Name`,`Date`,`Time`,`Stadium_Name`,`Referee_ID`) VALUES (27,'Chicago Bulls','Philadelphia 76ers','2021-03-25','16:00:00','Target Center',12);
INSERT INTO `matches` (`Match_ID`,`Team1Name`,`Team2Name`,`Date`,`Time`,`Stadium_Name`,`Referee_ID`) VALUES (28,'Philadelphia 76ers','New York Knicks','2021-01-12','18:30:00','United Center',13);
INSERT INTO `matches` (`Match_ID`,`Team1Name`,`Team2Name`,`Date`,`Time`,`Stadium_Name`,`Referee_ID`) VALUES (29,'New York Knicks','Dallas Mavericks','2021-05-20','11:30:00','Wells Fargo Center',14);
INSERT INTO `matches` (`Match_ID`,`Team1Name`,`Team2Name`,`Date`,`Time`,`Stadium_Name`,`Referee_ID`) VALUES (30,'Dallas Mavericks','Orlando Magic','2021-01-06','17:45:00','State Farm Arena',15);
/*
-- Query: SELECT * FROM `cs157a-team6`.player
-- Date: 2021-12-10 17:46
*/
CREATE TABLE Player (Team_Name VARCHAR(100), Number TINYINT, Name VARCHAR(50), Age TINYINT, Position VARCHAR(20));
INSERT INTO `player` (`Team_Name`,`Number`,`Name`,`Age`,`Position`) VALUES ('Philadelphia 76ers',50,'Aaron Henry',22,'F');
INSERT INTO `player` (`Team_Name`,`Number`,`Name`,`Age`,`Position`) VALUES ('New York Knicks',18,'Alec Burks',30,'G');
INSERT INTO `player` (`Team_Name`,`Number`,`Name`,`Age`,`Position`) VALUES ('Chicago Bulls',6,'Alex Caruso',27,'G');
INSERT INTO `player` (`Team_Name`,`Number`,`Name`,`Age`,`Position`) VALUES ('Sacramento Kings',25,'Alex Len',28,'C');
INSERT INTO `player` (`Team_Name`,`Number`,`Name`,`Age`,`Position`) VALUES ('Chicago Bulls',22,'Alize Johnson',25,'F');
INSERT INTO `player` (`Team_Name`,`Number`,`Name`,`Age`,`Position`) VALUES ('Philadelphia 76ers',1,'Andre Drummond',28,'C');
INSERT INTO `player` (`Team_Name`,`Number`,`Name`,`Age`,`Position`) VALUES ('Golden State Warriors',9,'Andre Iguodala',37,'G-F');
INSERT INTO `player` (`Team_Name`,`Number`,`Name`,`Age`,`Position`) VALUES ('Golden State Warriors',22,'Andrew Wiggins',26,'F');
INSERT INTO `player` (`Team_Name`,`Number`,`Name`,`Age`,`Position`) VALUES ('Portland Trail Blazers',1,'Anfernee Simons',22,'G');
INSERT INTO `player` (`Team_Name`,`Number`,`Name`,`Age`,`Position`) VALUES ('Minnesota Timberwolves',1,'Anthony Edwards',20,'G');
INSERT INTO `player` (`Team_Name`,`Number`,`Name`,`Age`,`Position`) VALUES ('Charlotte Hornets',98,'Arnoldas Kulboka',23,'F');
INSERT INTO `player` (`Team_Name`,`Number`,`Name`,`Age`,`Position`) VALUES ('Chicago Bulls',12,'Ayo Dosunmu',21,'G');
INSERT INTO `player` (`Team_Name`,`Number`,`Name`,`Age`,`Position`) VALUES ('Miami Heat',13,'Bam Adebayo',24,'C-F');
INSERT INTO `player` (`Team_Name`,`Number`,`Name`,`Age`,`Position`) VALUES ('Portland Trail Blazers',23,'Ben McLemore',28,'G');
INSERT INTO `player` (`Team_Name`,`Number`,`Name`,`Age`,`Position`) VALUES ('Philadelphia 76ers',25,'Ben Simmons',25,'G-F');
INSERT INTO `player` (`Team_Name`,`Number`,`Name`,`Age`,`Position`) VALUES ('Brooklyn Nets',2,'Blake Griffin',32,'F');
INSERT INTO `player` (`Team_Name`,`Number`,`Name`,`Age`,`Position`) VALUES ('Dallas Mavericks',51,'Boban Marjanovic',33,'C');
INSERT INTO `player` (`Team_Name`,`Number`,`Name`,`Age`,`Position`) VALUES ('Milwaukee Bucks',9,'Bobby Portis',26,'F');
INSERT INTO `player` (`Team_Name`,`Number`,`Name`,`Age`,`Position`) VALUES ('Milwaukee Bucks',11,'Brook Lopez',33,'C');
INSERT INTO `player` (`Team_Name`,`Number`,`Name`,`Age`,`Position`) VALUES ('Brooklyn Nets',1,'Bruce Brown',25,'G-F');
INSERT INTO `player` (`Team_Name`,`Number`,`Name`,`Age`,`Position`) VALUES ('San Antonio Spurs',7,'Bryn Forbes',28,'G');
INSERT INTO `player` (`Team_Name`,`Number`,`Name`,`Age`,`Position`) VALUES ('Sacramento Kings',24,'Buddy Hield',28,'G');
INSERT INTO `player` (`Team_Name`,`Number`,`Name`,`Age`,`Position`) VALUES ('Miami Heat',16,'Caleb Martin',26,'F');
INSERT INTO `player` (`Team_Name`,`Number`,`Name`,`Age`,`Position`) VALUES ('Brooklyn Nets',24,'Cam Thomas',20,'G');
INSERT INTO `player` (`Team_Name`,`Number`,`Name`,`Age`,`Position`) VALUES ('Cleveland Cavaliers',16,'Cedi Osman',26,'F');
INSERT INTO `player` (`Team_Name`,`Number`,`Name`,`Age`,`Position`) VALUES ('Philadelphia 76ers',23,'Charles Bassey',21,'C-F');
INSERT INTO `player` (`Team_Name`,`Number`,`Name`,`Age`,`Position`) VALUES ('Sacramento Kings',7,'Chimezie Metu',24,'F-C');
INSERT INTO `player` (`Team_Name`,`Number`,`Name`,`Age`,`Position`) VALUES ('Golden State Warriors',2,'Chris Chiozza',26,'G');
INSERT INTO `player` (`Team_Name`,`Number`,`Name`,`Age`,`Position`) VALUES ('Orlando Magic',3,'Chuma Okeke',23,'F');
INSERT INTO `player` (`Team_Name`,`Number`,`Name`,`Age`,`Position`) VALUES ('Portland Trail Blazers',16,'CJ Elleby',21,'F-G');
INSERT INTO `player` (`Team_Name`,`Number`,`Name`,`Age`,`Position`) VALUES ('Portland Trail Blazers',3,'CJ McCollum',30,'G');
INSERT INTO `player` (`Team_Name`,`Number`,`Name`,`Age`,`Position`) VALUES ('Chicago Bulls',0,'Coby White',21,'G');
INSERT INTO `player` (`Team_Name`,`Number`,`Name`,`Age`,`Position`) VALUES ('Charlotte Hornets',11,'Cody Martin',26,'F');
INSERT INTO `player` (`Team_Name`,`Number`,`Name`,`Age`,`Position`) VALUES ('Portland Trail Blazers',40,'Cody Zeller',29,'F-C');
INSERT INTO `player` (`Team_Name`,`Number`,`Name`,`Age`,`Position`) VALUES ('Orlando Magic',50,'Cole Anthony',21,'G');
INSERT INTO `player` (`Team_Name`,`Number`,`Name`,`Age`,`Position`) VALUES ('Cleveland Cavaliers',2,'Collin Sexton',22,'G');
INSERT INTO `player` (`Team_Name`,`Number`,`Name`,`Age`,`Position`) VALUES ('Minnesota Timberwolves',0,'D\'Angelo Russell',25,'G');
INSERT INTO `player` (`Team_Name`,`Number`,`Name`,`Age`,`Position`) VALUES ('Sacramento Kings',30,'Damian Jones',26,'C');
INSERT INTO `player` (`Team_Name`,`Number`,`Name`,`Age`,`Position`) VALUES ('Portland Trail Blazers',0,'Damian Lillard',31,'G');
INSERT INTO `player` (`Team_Name`,`Number`,`Name`,`Age`,`Position`) VALUES ('Golden State Warriors',1,'Damion Lee',29,'G-F');
INSERT INTO `player` (`Team_Name`,`Number`,`Name`,`Age`,`Position`) VALUES ('Philadelphia 76ers',14,'Danny Green',34,'G');
INSERT INTO `player` (`Team_Name`,`Number`,`Name`,`Age`,`Position`) VALUES ('Cleveland Cavaliers',10,'Darius Garland',21,'G');
INSERT INTO `player` (`Team_Name`,`Number`,`Name`,`Age`,`Position`) VALUES ('Brooklyn Nets',6,'David Duke Jr.',22,'G');
INSERT INTO `player` (`Team_Name`,`Number`,`Name`,`Age`,`Position`) VALUES ('Sacramento Kings',15,'Davion Mitchell',23,'G');
INSERT INTO `player` (`Team_Name`,`Number`,`Name`,`Age`,`Position`) VALUES ('Brooklyn Nets',20,'Day\'Ron Sharpe',20,'F');
INSERT INTO `player` (`Team_Name`,`Number`,`Name`,`Age`,`Position`) VALUES ('Sacramento Kings',5,'De\'Aaron Fox',23,'G');
INSERT INTO `player` (`Team_Name`,`Number`,`Name`,`Age`,`Position`) VALUES ('Cleveland Cavaliers',32,'Dean Wade',25,'F-C');
INSERT INTO `player` (`Team_Name`,`Number`,`Name`,`Age`,`Position`) VALUES ('Brooklyn Nets',95,'DeAndre\' Bembry',27,'G-F');
INSERT INTO `player` (`Team_Name`,`Number`,`Name`,`Age`,`Position`) VALUES ('San Antonio Spurs',5,'Dejounte Murray',25,'G');
INSERT INTO `player` (`Team_Name`,`Number`,`Name`,`Age`,`Position`) VALUES ('Chicago Bulls',11,'DeMar DeRozan',32,'G-F');
INSERT INTO `player` (`Team_Name`,`Number`,`Name`,`Age`,`Position`) VALUES ('Portland Trail Blazers',10,'Dennis Smith Jr.',24,'G');
INSERT INTO `player` (`Team_Name`,`Number`,`Name`,`Age`,`Position`) VALUES ('Cleveland Cavaliers',45,'Denzel Valentine',28,'G');
INSERT INTO `player` (`Team_Name`,`Number`,`Name`,`Age`,`Position`) VALUES ('Chicago Bulls',5,'Derrick Jones Jr.',24,'F');
INSERT INTO `player` (`Team_Name`,`Number`,`Name`,`Age`,`Position`) VALUES ('New York Knicks',4,'Derrick Rose',33,'G');
INSERT INTO `player` (`Team_Name`,`Number`,`Name`,`Age`,`Position`) VALUES ('San Antonio Spurs',4,'Derrick White',27,'G');
INSERT INTO `player` (`Team_Name`,`Number`,`Name`,`Age`,`Position`) VALUES ('San Antonio Spurs',24,'Devin Vassell',21,'G-F');
INSERT INTO `player` (`Team_Name`,`Number`,`Name`,`Age`,`Position`) VALUES ('Chicago Bulls',3,'Devon Dotson',22,'G');
INSERT INTO `player` (`Team_Name`,`Number`,`Name`,`Age`,`Position`) VALUES ('San Antonio Spurs',16,'Devontae Cacok',25,'F');
INSERT INTO `player` (`Team_Name`,`Number`,`Name`,`Age`,`Position`) VALUES ('Miami Heat',21,'Dewayne Dedmon',32,'C');
INSERT INTO `player` (`Team_Name`,`Number`,`Name`,`Age`,`Position`) VALUES ('Milwaukee Bucks',0,'Donte DiVincenzo',24,'G');
INSERT INTO `player` (`Team_Name`,`Number`,`Name`,`Age`,`Position`) VALUES ('Dallas Mavericks',10,'Dorian Finney-Smith',28,'F');
INSERT INTO `player` (`Team_Name`,`Number`,`Name`,`Age`,`Position`) VALUES ('San Antonio Spurs',17,'Doug McDermott',29,'F');
INSERT INTO `player` (`Team_Name`,`Number`,`Name`,`Age`,`Position`) VALUES ('Golden State Warriors',23,'Draymond Green',31,'F');
INSERT INTO `player` (`Team_Name`,`Number`,`Name`,`Age`,`Position`) VALUES ('San Antonio Spurs',14,'Drew Eubanks',24,'F-C');
INSERT INTO `player` (`Team_Name`,`Number`,`Name`,`Age`,`Position`) VALUES ('Miami Heat',55,'Duncan Robinson',27,'F');
INSERT INTO `player` (`Team_Name`,`Number`,`Name`,`Age`,`Position`) VALUES ('Dallas Mavericks',7,'Dwight Powell',30,'F-C');
INSERT INTO `player` (`Team_Name`,`Number`,`Name`,`Age`,`Position`) VALUES ('Cleveland Cavaliers',9,'Dylan Windler',25,'G-F');
INSERT INTO `player` (`Team_Name`,`Number`,`Name`,`Age`,`Position`) VALUES ('Orlando Magic',55,'E Twaun Moore',32,'G');
INSERT INTO `player` (`Team_Name`,`Number`,`Name`,`Age`,`Position`) VALUES ('Cleveland Cavaliers',21,'Ed Davis',32,'C-F');
INSERT INTO `player` (`Team_Name`,`Number`,`Name`,`Age`,`Position`) VALUES ('Dallas Mavericks',31,'Eugene Omoruyi',24,'F');
INSERT INTO `player` (`Team_Name`,`Number`,`Name`,`Age`,`Position`) VALUES ('New York Knicks',13,'Evan Fournier',29,'G-F');
INSERT INTO `player` (`Team_Name`,`Number`,`Name`,`Age`,`Position`) VALUES ('Cleveland Cavaliers',4,'Evan Mobley',20,'C');
INSERT INTO `player` (`Team_Name`,`Number`,`Name`,`Age`,`Position`) VALUES ('Dallas Mavericks',21,'Frank Ntilikina',23,'G');
INSERT INTO `player` (`Team_Name`,`Number`,`Name`,`Age`,`Position`) VALUES ('Orlando Magic',22,'Franz Wagner',20,'F');
INSERT INTO `player` (`Team_Name`,`Number`,`Name`,`Age`,`Position`) VALUES ('Philadelphia 76ers',30,'Furkan Korkmaz',24,'G-F');
INSERT INTO `player` (`Team_Name`,`Number`,`Name`,`Age`,`Position`) VALUES ('Miami Heat',2,'Gabe Vincent',25,'G');
INSERT INTO `player` (`Team_Name`,`Number`,`Name`,`Age`,`Position`) VALUES ('Orlando Magic',14,'Gary Harris',27,'G');
INSERT INTO `player` (`Team_Name`,`Number`,`Name`,`Age`,`Position`) VALUES ('Golden State Warriors',0,'Gary Payton II',28,'G');
INSERT INTO `player` (`Team_Name`,`Number`,`Name`,`Age`,`Position`) VALUES ('Milwaukee Bucks',3,'George Hill',35,'G');
INSERT INTO `player` (`Team_Name`,`Number`,`Name`,`Age`,`Position`) VALUES ('Philadelphia 76ers',20,'Georges Niang',28,'F');
INSERT INTO `player` (`Team_Name`,`Number`,`Name`,`Age`,`Position`) VALUES ('Milwaukee Bucks',18,'Georgios Kalaitzakis',22,'F');
INSERT INTO `player` (`Team_Name`,`Number`,`Name`,`Age`,`Position`) VALUES ('Milwaukee Bucks',34,'Giannis Antetokounmpo',26,'F');
INSERT INTO `player` (`Team_Name`,`Number`,`Name`,`Age`,`Position`) VALUES ('Charlotte Hornets',20,'Gordon Hayward',31,'F');
INSERT INTO `player` (`Team_Name`,`Number`,`Name`,`Age`,`Position`) VALUES ('Philadelphia 76ers',5,'Grant Riller',24,'G');
INSERT INTO `player` (`Team_Name`,`Number`,`Name`,`Age`,`Position`) VALUES ('Milwaukee Bucks',7,'Grayson Allen',26,'G');
INSERT INTO `player` (`Team_Name`,`Number`,`Name`,`Age`,`Position`) VALUES ('Portland Trail Blazers',4,'Greg Brown III',20,'F');
INSERT INTO `player` (`Team_Name`,`Number`,`Name`,`Age`,`Position`) VALUES ('Sacramento Kings',40,'Harrison Barnes',29,'F');
INSERT INTO `player` (`Team_Name`,`Number`,`Name`,`Age`,`Position`) VALUES ('Orlando Magic',17,'Ignas Brazdeikis',22,'F');
INSERT INTO `player` (`Team_Name`,`Number`,`Name`,`Age`,`Position`) VALUES ('New York Knicks',5,'Immanuel Quickley',22,'G');
INSERT INTO `player` (`Team_Name`,`Number`,`Name`,`Age`,`Position`) VALUES ('Cleveland Cavaliers',35,'Isaac Okoro',20,'F-G');
INSERT INTO `player` (`Team_Name`,`Number`,`Name`,`Age`,`Position`) VALUES ('Philadelphia 76ers',7,'Isaiah Joe',22,'G');
INSERT INTO `player` (`Team_Name`,`Number`,`Name`,`Age`,`Position`) VALUES ('Charlotte Hornets',10,'Ish Smith',33,'G');
INSERT INTO `player` (`Team_Name`,`Number`,`Name`,`Age`,`Position`) VALUES ('Minnesota Timberwolves',3,'Jaden McDaniels',21,'F');
INSERT INTO `player` (`Team_Name`,`Number`,`Name`,`Age`,`Position`) VALUES ('Philadelphia 76ers',11,'Jaden Springer',19,'G');
INSERT INTO `player` (`Team_Name`,`Number`,`Name`,`Age`,`Position`) VALUES ('Sacramento Kings',20,'Jahmi\'us Ramsey',20,'G');
INSERT INTO `player` (`Team_Name`,`Number`,`Name`,`Age`,`Position`) VALUES ('Minnesota Timberwolves',10,'Jake Layman',27,'F');
INSERT INTO `player` (`Team_Name`,`Number`,`Name`,`Age`,`Position`) VALUES ('San Antonio Spurs',25,'Jakob Poeltl',26,'C');
INSERT INTO `player` (`Team_Name`,`Number`,`Name`,`Age`,`Position`) VALUES ('Dallas Mavericks',13,'Jalen Brunson',25,'G');
INSERT INTO `player` (`Team_Name`,`Number`,`Name`,`Age`,`Position`) VALUES ('Charlotte Hornets',6,'Jalen McDaniels',23,'F-C');
INSERT INTO `player` (`Team_Name`,`Number`,`Name`,`Age`,`Position`) VALUES ('Orlando Magic',4,'Jalen Suggs',20,'G');
INSERT INTO `player` (`Team_Name`,`Number`,`Name`,`Age`,`Position`) VALUES ('Charlotte Hornets',5,'James Bouknight',21,'G');
INSERT INTO `player` (`Team_Name`,`Number`,`Name`,`Age`,`Position`) VALUES ('Brooklyn Nets',13,'James Harden',32,'G');
INSERT INTO `player` (`Team_Name`,`Number`,`Name`,`Age`,`Position`) VALUES ('Brooklyn Nets',16,'James Johnson',34,'F');
INSERT INTO `player` (`Team_Name`,`Number`,`Name`,`Age`,`Position`) VALUES ('Golden State Warriors',33,'James Wiseman',20,'C');
INSERT INTO `player` (`Team_Name`,`Number`,`Name`,`Age`,`Position`) VALUES ('Dallas Mavericks',16,'JaQuori McLaughlin',23,'G');
INSERT INTO `player` (`Team_Name`,`Number`,`Name`,`Age`,`Position`) VALUES ('Minnesota Timberwolves',8,'Jarred Vanderbilt',22,'F');
INSERT INTO `player` (`Team_Name`,`Number`,`Name`,`Age`,`Position`) VALUES ('Cleveland Cavaliers',31,'Jarrett Allen',23,'C');
INSERT INTO `player` (`Team_Name`,`Number`,`Name`,`Age`,`Position`) VALUES ('Chicago Bulls',24,'Javonte Green',28,'G-F');
INSERT INTO `player` (`Team_Name`,`Number`,`Name`,`Age`,`Position`) VALUES ('Minnesota Timberwolves',4,'Jaylen Nowell',22,'G');
INSERT INTO `player` (`Team_Name`,`Number`,`Name`,`Age`,`Position`) VALUES ('Golden State Warriors',4,'Jeff Dowtin',24,'G');
INSERT INTO `player` (`Team_Name`,`Number`,`Name`,`Age`,`Position`) VALUES ('New York Knicks',45,'Jericho Sims',23,'C');
INSERT INTO `player` (`Team_Name`,`Number`,`Name`,`Age`,`Position`) VALUES ('Brooklyn Nets',0,'Jevon Carter',26,'G');
INSERT INTO `player` (`Team_Name`,`Number`,`Name`,`Age`,`Position`) VALUES ('Miami Heat',22,'Jimmy Butler',32,'F');
INSERT INTO `player` (`Team_Name`,`Number`,`Name`,`Age`,`Position`) VALUES ('San Antonio Spurs',34,'Jock Landale',26,'C');
INSERT INTO `player` (`Team_Name`,`Number`,`Name`,`Age`,`Position`) VALUES ('Brooklyn Nets',12,'Joe Harris',30,'G-F');
INSERT INTO `player` (`Team_Name`,`Number`,`Name`,`Age`,`Position`) VALUES ('San Antonio Spurs',15,'Joe Wieskamp',22,'G-F');
INSERT INTO `player` (`Team_Name`,`Number`,`Name`,`Age`,`Position`) VALUES ('Philadelphia 76ers',21,'Joel Embiid',27,'C-F');
INSERT INTO `player` (`Team_Name`,`Number`,`Name`,`Age`,`Position`) VALUES ('Orlando Magic',1,'Jonathan Isaac',24,'F');
INSERT INTO `player` (`Team_Name`,`Number`,`Name`,`Age`,`Position`) VALUES ('Golden State Warriors',0,'Jonathan Kuminga',19,'F');
INSERT INTO `player` (`Team_Name`,`Number`,`Name`,`Age`,`Position`) VALUES ('Minnesota Timberwolves',6,'Jordan McLaughlin',25,'G');
INSERT INTO `player` (`Team_Name`,`Number`,`Name`,`Age`,`Position`) VALUES ('Milwaukee Bucks',13,'Jordan Nwora',23,'F');
INSERT INTO `player` (`Team_Name`,`Number`,`Name`,`Age`,`Position`) VALUES ('Golden State Warriors',3,'Jordan Poole',22,'G');
INSERT INTO `player` (`Team_Name`,`Number`,`Name`,`Age`,`Position`) VALUES ('Dallas Mavericks',8,'Josh Green',21,'G');
INSERT INTO `player` (`Team_Name`,`Number`,`Name`,`Age`,`Position`) VALUES ('Minnesota Timberwolves',20,'Josh Okogie',23,'G');
INSERT INTO `player` (`Team_Name`,`Number`,`Name`,`Age`,`Position`) VALUES ('San Antonio Spurs',11,'Joshua Primo',18,'G');
INSERT INTO `player` (`Team_Name`,`Number`,`Name`,`Age`,`Position`) VALUES ('Milwaukee Bucks',21,'Jrue Holiday',31,'G');
INSERT INTO `player` (`Team_Name`,`Number`,`Name`,`Age`,`Position`) VALUES ('Charlotte Hornets',21,'JT Thor',19,'F');
INSERT INTO `player` (`Team_Name`,`Number`,`Name`,`Age`,`Position`) VALUES ('Golden State Warriors',95,'Juan Toscano-Anderson',28,'F');
INSERT INTO `player` (`Team_Name`,`Number`,`Name`,`Age`,`Position`) VALUES ('New York Knicks',30,'Julius Randle',26,'F-C');
INSERT INTO `player` (`Team_Name`,`Number`,`Name`,`Age`,`Position`) VALUES ('Milwaukee Bucks',55,'Justin Robinson',24,'G');
INSERT INTO `player` (`Team_Name`,`Number`,`Name`,`Age`,`Position`) VALUES ('Portland Trail Blazers',27,'Jusuf Nurkic',27,'C');
INSERT INTO `player` (`Team_Name`,`Number`,`Name`,`Age`,`Position`) VALUES ('Charlotte Hornets',23,'Kai Jones',20,'C-F');
INSERT INTO `player` (`Team_Name`,`Number`,`Name`,`Age`,`Position`) VALUES ('Minnesota Timberwolves',32,'Karl-Anthony Towns',26,'C-F');
INSERT INTO `player` (`Team_Name`,`Number`,`Name`,`Age`,`Position`) VALUES ('San Antonio Spurs',31,'Keita Bates-Diop',25,'F');
INSERT INTO `player` (`Team_Name`,`Number`,`Name`,`Age`,`Position`) VALUES ('San Antonio Spurs',3,'Keldon Johnson',22,'F-G');
INSERT INTO `player` (`Team_Name`,`Number`,`Name`,`Age`,`Position`) VALUES ('Portland Trail Blazers',21,'Keljin Blevins',26,'G');
INSERT INTO `player` (`Team_Name`,`Number`,`Name`,`Age`,`Position`) VALUES ('Charlotte Hornets',12,'Kelly Oubre Jr.',25,'F-G');
INSERT INTO `player` (`Team_Name`,`Number`,`Name`,`Age`,`Position`) VALUES ('New York Knicks',8,'Kemba Walker',31,'G');
INSERT INTO `player` (`Team_Name`,`Number`,`Name`,`Age`,`Position`) VALUES ('Brooklyn Nets',14,'Kessler Edwards',21,'F');
INSERT INTO `player` (`Team_Name`,`Number`,`Name`,`Age`,`Position`) VALUES ('Brooklyn Nets',7,'Kevin Durant',33,'F');
INSERT INTO `player` (`Team_Name`,`Number`,`Name`,`Age`,`Position`) VALUES ('New York Knicks',20,'Kevin Knox II',22,'F');
INSERT INTO `player` (`Team_Name`,`Number`,`Name`,`Age`,`Position`) VALUES ('Cleveland Cavaliers',0,'Kevin Love',33,'F-C');
INSERT INTO `player` (`Team_Name`,`Number`,`Name`,`Age`,`Position`) VALUES ('Cleveland Cavaliers',6,'Kevin Pangos',28,'G');
INSERT INTO `player` (`Team_Name`,`Number`,`Name`,`Age`,`Position`) VALUES ('Golden State Warriors',5,'Kevon Looney',25,'F');
INSERT INTO `player` (`Team_Name`,`Number`,`Name`,`Age`,`Position`) VALUES ('Milwaukee Bucks',22,'Khris Middleton',30,'F');
INSERT INTO `player` (`Team_Name`,`Number`,`Name`,`Age`,`Position`) VALUES ('Golden State Warriors',11,'Klay Thompson',31,'G');
INSERT INTO `player` (`Team_Name`,`Number`,`Name`,`Age`,`Position`) VALUES ('Dallas Mavericks',6,'Kristaps Porzingis',26,'F-C');
INSERT INTO `player` (`Team_Name`,`Number`,`Name`,`Age`,`Position`) VALUES ('Miami Heat',7,'Kyle Lowry',35,'G');
INSERT INTO `player` (`Team_Name`,`Number`,`Name`,`Age`,`Position`) VALUES ('Brooklyn Nets',11,'Kyrie Irving',29,'G');
INSERT INTO `player` (`Team_Name`,`Number`,`Name`,`Age`,`Position`) VALUES ('Miami Heat',11,'KZ Okpala',22,'F-G');
INSERT INTO `player` (`Team_Name`,`Number`,`Name`,`Age`,`Position`) VALUES ('Cleveland Cavaliers',8,'Lamar Stevens',24,'F');
INSERT INTO `player` (`Team_Name`,`Number`,`Name`,`Age`,`Position`) VALUES ('Brooklyn Nets',21,'LaMarcus Aldridge',36,'C-F');
INSERT INTO `player` (`Team_Name`,`Number`,`Name`,`Age`,`Position`) VALUES ('Charlotte Hornets',2,'LaMelo Ball',20,'G');
INSERT INTO `player` (`Team_Name`,`Number`,`Name`,`Age`,`Position`) VALUES ('Portland Trail Blazers',11,'Larry Nance Jr.',28,'F-C');
INSERT INTO `player` (`Team_Name`,`Number`,`Name`,`Age`,`Position`) VALUES ('Cleveland Cavaliers',24,'Lauri Markkanen',24,'F-C');
INSERT INTO `player` (`Team_Name`,`Number`,`Name`,`Age`,`Position`) VALUES ('Minnesota Timberwolves',9,'Leandro Bolmaro',21,'F');
INSERT INTO `player` (`Team_Name`,`Number`,`Name`,`Age`,`Position`) VALUES ('San Antonio Spurs',1,'Lonnie Walker IV',22,'G-F');
INSERT INTO `player` (`Team_Name`,`Number`,`Name`,`Age`,`Position`) VALUES ('Chicago Bulls',2,'Lonzo Ball',24,'G');
INSERT INTO `player` (`Team_Name`,`Number`,`Name`,`Age`,`Position`) VALUES ('Sacramento Kings',23,'Louis King',22,'F');
INSERT INTO `player` (`Team_Name`,`Number`,`Name`,`Age`,`Position`) VALUES ('Dallas Mavericks',77,'Luka Doncic',22,'F-G');
INSERT INTO `player` (`Team_Name`,`Number`,`Name`,`Age`,`Position`) VALUES ('New York Knicks',91,'Luka Samanic',21,'F');
INSERT INTO `player` (`Team_Name`,`Number`,`Name`,`Age`,`Position`) VALUES ('Minnesota Timberwolves',5,'Malik Beasley',25,'G');
INSERT INTO `player` (`Team_Name`,`Number`,`Name`,`Age`,`Position`) VALUES ('Miami Heat',0,'Marcus Garrett',23,'G');
INSERT INTO `player` (`Team_Name`,`Number`,`Name`,`Age`,`Position`) VALUES ('Orlando Magic',20,'Markelle Fultz',23,'G');
INSERT INTO `player` (`Team_Name`,`Number`,`Name`,`Age`,`Position`) VALUES ('Miami Heat',8,'Markieff Morris',32,'F');
INSERT INTO `player` (`Team_Name`,`Number`,`Name`,`Age`,`Position`) VALUES ('Chicago Bulls',19,'Marko Simonovic',22,'C');
INSERT INTO `player` (`Team_Name`,`Number`,`Name`,`Age`,`Position`) VALUES ('Sacramento Kings',35,'Marvin Bagley III',22,'F');
INSERT INTO `player` (`Team_Name`,`Number`,`Name`,`Age`,`Position`) VALUES ('Charlotte Hornets',24,'Mason Plumlee',31,'F-C');
INSERT INTO `player` (`Team_Name`,`Number`,`Name`,`Age`,`Position`) VALUES ('Philadelphia 76ers',22,'Matisse Thybulle',24,'G-F');
INSERT INTO `player` (`Team_Name`,`Number`,`Name`,`Age`,`Position`) VALUES ('Chicago Bulls',21,'Matt Thomas',27,'G');
INSERT INTO `player` (`Team_Name`,`Number`,`Name`,`Age`,`Position`) VALUES ('Sacramento Kings',8,'Maurice Harkless',28,'F-G');
INSERT INTO `player` (`Team_Name`,`Number`,`Name`,`Age`,`Position`) VALUES ('Miami Heat',31,'Max Strus',25,'G-F');
INSERT INTO `player` (`Team_Name`,`Number`,`Name`,`Age`,`Position`) VALUES ('Dallas Mavericks',42,'Maxi Kleber',29,'F');
INSERT INTO `player` (`Team_Name`,`Number`,`Name`,`Age`,`Position`) VALUES ('Minnesota Timberwolves',25,'McKinley Wright IV',23,'G');
INSERT INTO `player` (`Team_Name`,`Number`,`Name`,`Age`,`Position`) VALUES ('Orlando Magic',7,'Michael Carter-Williams',30,'G');
INSERT INTO `player` (`Team_Name`,`Number`,`Name`,`Age`,`Position`) VALUES ('Charlotte Hornets',0,'Miles Bridges',23,'F');
INSERT INTO `player` (`Team_Name`,`Number`,`Name`,`Age`,`Position`) VALUES ('New York Knicks',2,'Miles McBride',21,'G');
INSERT INTO `player` (`Team_Name`,`Number`,`Name`,`Age`,`Position`) VALUES ('New York Knicks',23,'Mitchell Robinson',23,'C-F');
INSERT INTO `player` (`Team_Name`,`Number`,`Name`,`Age`,`Position`) VALUES ('Orlando Magic',5,'Mo Bamba',23,'C');
INSERT INTO `player` (`Team_Name`,`Number`,`Name`,`Age`,`Position`) VALUES ('Orlando Magic',21,'Moritz Wagner',24,'F-C');
INSERT INTO `player` (`Team_Name`,`Number`,`Name`,`Age`,`Position`) VALUES ('Dallas Mavericks',9,'Moses Brown',22,'C');
INSERT INTO `player` (`Team_Name`,`Number`,`Name`,`Age`,`Position`) VALUES ('Golden State Warriors',4,'Moses Moody',19,'G');
INSERT INTO `player` (`Team_Name`,`Number`,`Name`,`Age`,`Position`) VALUES ('Orlando Magic',15,'Mychal Mulder',27,'G');
INSERT INTO `player` (`Team_Name`,`Number`,`Name`,`Age`,`Position`) VALUES ('Portland Trail Blazers',9,'Nassir Little',21,'F-G');
INSERT INTO `player` (`Team_Name`,`Number`,`Name`,`Age`,`Position`) VALUES ('Minnesota Timberwolves',30,'Nathan Knight',24,'F-C');
INSERT INTO `player` (`Team_Name`,`Number`,`Name`,`Age`,`Position`) VALUES ('Minnesota Timberwolves',11,'Naz Reid',22,'C-F');
INSERT INTO `player` (`Team_Name`,`Number`,`Name`,`Age`,`Position`) VALUES ('Sacramento Kings',88,'Neemias Queta',22,'C');
INSERT INTO `player` (`Team_Name`,`Number`,`Name`,`Age`,`Position`) VALUES ('Golden State Warriors',8,'Nemanja Bjelica',33,'F');
INSERT INTO `player` (`Team_Name`,`Number`,`Name`,`Age`,`Position`) VALUES ('New York Knicks',3,'Nerlens Noel',27,'C-F');
INSERT INTO `player` (`Team_Name`,`Number`,`Name`,`Age`,`Position`) VALUES ('Brooklyn Nets',33,'Nic Claxton',22,'F-C');
INSERT INTO `player` (`Team_Name`,`Number`,`Name`,`Age`,`Position`) VALUES ('Charlotte Hornets',14,'Nick Richards',23,'C');
INSERT INTO `player` (`Team_Name`,`Number`,`Name`,`Age`,`Position`) VALUES ('Chicago Bulls',9,'Nikola Vucevic',31,'C');
INSERT INTO `player` (`Team_Name`,`Number`,`Name`,`Age`,`Position`) VALUES ('Portland Trail Blazers',24,'Norman Powell',28,'G');
INSERT INTO `player` (`Team_Name`,`Number`,`Name`,`Age`,`Position`) VALUES ('New York Knicks',1,'Obi Toppin',23,'F');
INSERT INTO `player` (`Team_Name`,`Number`,`Name`,`Age`,`Position`) VALUES ('Miami Heat',77,'Omer Yurtseven',23,'C');
INSERT INTO `player` (`Team_Name`,`Number`,`Name`,`Age`,`Position`) VALUES ('Golden State Warriors',32,'Otto Porter Jr.',28,'F');
INSERT INTO `player` (`Team_Name`,`Number`,`Name`,`Age`,`Position`) VALUES ('Miami Heat',17,'P.J. Tucker',36,'F');
INSERT INTO `player` (`Team_Name`,`Number`,`Name`,`Age`,`Position`) VALUES ('Charlotte Hornets',25,'P.J. Washington',23,'F');
INSERT INTO `player` (`Team_Name`,`Number`,`Name`,`Age`,`Position`) VALUES ('Milwaukee Bucks',24,'Pat Connaughton',28,'G');
INSERT INTO `player` (`Team_Name`,`Number`,`Name`,`Age`,`Position`) VALUES ('Minnesota Timberwolves',22,'Patrick Beverley',33,'G');
INSERT INTO `player` (`Team_Name`,`Number`,`Name`,`Age`,`Position`) VALUES ('Chicago Bulls',44,'Patrick Williams',20,'F');
INSERT INTO `player` (`Team_Name`,`Number`,`Name`,`Age`,`Position`) VALUES ('Brooklyn Nets',8,'Patty Mills',33,'G');
INSERT INTO `player` (`Team_Name`,`Number`,`Name`,`Age`,`Position`) VALUES ('Brooklyn Nets',31,'Paul Millsap',36,'F');
INSERT INTO `player` (`Team_Name`,`Number`,`Name`,`Age`,`Position`) VALUES ('Philadelphia 76ers',44,'Paul Reed',22,'F');
INSERT INTO `player` (`Team_Name`,`Number`,`Name`,`Age`,`Position`) VALUES ('New York Knicks',6,'Quentin Grimes',21,'G');
INSERT INTO `player` (`Team_Name`,`Number`,`Name`,`Age`,`Position`) VALUES ('Orlando Magic',13,'R.J. Hampton',20,'G');
INSERT INTO `player` (`Team_Name`,`Number`,`Name`,`Age`,`Position`) VALUES ('Dallas Mavericks',25,'Reggie Bullock',30,'G-F');
INSERT INTO `player` (`Team_Name`,`Number`,`Name`,`Age`,`Position`) VALUES ('Sacramento Kings',22,'Richaun Holmes',28,'F');
INSERT INTO `player` (`Team_Name`,`Number`,`Name`,`Age`,`Position`) VALUES ('Cleveland Cavaliers',3,'Ricky Rubio',31,'G');
INSERT INTO `player` (`Team_Name`,`Number`,`Name`,`Age`,`Position`) VALUES ('New York Knicks',9,'RJ Barrett',21,'F-G');
INSERT INTO `player` (`Team_Name`,`Number`,`Name`,`Age`,`Position`) VALUES ('Cleveland Cavaliers',5,'RJ Nembhard Jr.',22,'G');
INSERT INTO `player` (`Team_Name`,`Number`,`Name`,`Age`,`Position`) VALUES ('Portland Trail Blazers',33,'Robert Covington',30,'F');
INSERT INTO `player` (`Team_Name`,`Number`,`Name`,`Age`,`Position`) VALUES ('Sacramento Kings',17,'Robert Woodard II',22,'F');
INSERT INTO `player` (`Team_Name`,`Number`,`Name`,`Age`,`Position`) VALUES ('Orlando Magic',33,'Robin Lopez',33,'C');
INSERT INTO `player` (`Team_Name`,`Number`,`Name`,`Age`,`Position`) VALUES ('Milwaukee Bucks',5,'Rodney Hood',29,'G-F');
INSERT INTO `player` (`Team_Name`,`Number`,`Name`,`Age`,`Position`) VALUES ('Milwaukee Bucks',54,'Sandro Mamukelashvili	',22,'F-C');
INSERT INTO `player` (`Team_Name`,`Number`,`Name`,`Age`,`Position`) VALUES ('Charlotte Hornets',16,'Scottie Lewis',21,'G');
INSERT INTO `player` (`Team_Name`,`Number`,`Name`,`Age`,`Position`) VALUES ('Milwaukee Bucks',37,'Semi Ojeleye',26,'F');
INSERT INTO `player` (`Team_Name`,`Number`,`Name`,`Age`,`Position`) VALUES ('Philadelphia 76ers',31,'Seth Curry',31,'G');
INSERT INTO `player` (`Team_Name`,`Number`,`Name`,`Age`,`Position`) VALUES ('Philadelphia 76ers',18,'Shake Milton',25,'G-F');
INSERT INTO `player` (`Team_Name`,`Number`,`Name`,`Age`,`Position`) VALUES ('Golden State Warriors',30,'Stephen Curry',33,'G');
INSERT INTO `player` (`Team_Name`,`Number`,`Name`,`Age`,`Position`) VALUES ('Dallas Mavericks',0,'Sterling Brown',26,'G-F');
INSERT INTO `player` (`Team_Name`,`Number`,`Name`,`Age`,`Position`) VALUES ('Cleveland Cavaliers',99,'Tacko Fall',25,'C');
INSERT INTO `player` (`Team_Name`,`Number`,`Name`,`Age`,`Position`) VALUES ('New York Knicks',67,'Taj Gibson',36,'F');
INSERT INTO `player` (`Team_Name`,`Number`,`Name`,`Age`,`Position`) VALUES ('Minnesota Timberwolves',12,'Taurean Prince',27,'F');
INSERT INTO `player` (`Team_Name`,`Number`,`Name`,`Age`,`Position`) VALUES ('Sacramento Kings',3,'Terence Davis',24,'G');
INSERT INTO `player` (`Team_Name`,`Number`,`Name`,`Age`,`Position`) VALUES ('Orlando Magic',31,'Terrence Ross',30,'G-F');
INSERT INTO `player` (`Team_Name`,`Number`,`Name`,`Age`,`Position`) VALUES ('Charlotte Hornets',3,'Terry Rozier',2,'G');
INSERT INTO `player` (`Team_Name`,`Number`,`Name`,`Age`,`Position`) VALUES ('San Antonio Spurs',30,'Thaddeus Young',33,'F');
INSERT INTO `player` (`Team_Name`,`Number`,`Name`,`Age`,`Position`) VALUES ('Milwaukee Bucks',43,'Thanasis Antetokounmpo',29,'F');
INSERT INTO `player` (`Team_Name`,`Number`,`Name`,`Age`,`Position`) VALUES ('Dallas Mavericks',11,'Tim Hardaway Jr.',29,'G-F');
INSERT INTO `player` (`Team_Name`,`Number`,`Name`,`Age`,`Position`) VALUES ('Philadelphia 76ers',12,'Tobias Harris',29,'F');
INSERT INTO `player` (`Team_Name`,`Number`,`Name`,`Age`,`Position`) VALUES ('Chicago Bulls',13,'Tony Bradley',23,'C-F');
INSERT INTO `player` (`Team_Name`,`Number`,`Name`,`Age`,`Position`) VALUES ('Portland Trail Blazers',17,'Tony Snell',30,'G');
INSERT INTO `player` (`Team_Name`,`Number`,`Name`,`Age`,`Position`) VALUES ('San Antonio Spurs',33,'Tre Jones',21,'G');
INSERT INTO `player` (`Team_Name`,`Number`,`Name`,`Age`,`Position`) VALUES ('Portland Trail Blazers',2,'Trendon Watford',21,'F');
INSERT INTO `player` (`Team_Name`,`Number`,`Name`,`Age`,`Position`) VALUES ('Dallas Mavericks',3,'Trey Burke',29,'G');
INSERT INTO `player` (`Team_Name`,`Number`,`Name`,`Age`,`Position`) VALUES ('Sacramento Kings',13,'Tristan Thompson',30,'C-F');
INSERT INTO `player` (`Team_Name`,`Number`,`Name`,`Age`,`Position`) VALUES ('Chicago Bulls',7,'Troy Brown Jr.',22,'G-F');
INSERT INTO `player` (`Team_Name`,`Number`,`Name`,`Age`,`Position`) VALUES ('Chicago Bulls',25,'Tyler Cook',24,'F');
INSERT INTO `player` (`Team_Name`,`Number`,`Name`,`Age`,`Position`) VALUES ('Miami Heat',14,'Tyler Herro',21,'G');
INSERT INTO `player` (`Team_Name`,`Number`,`Name`,`Age`,`Position`) VALUES ('Sacramento Kings',0,'Tyrese Haliburton',21,'G');
INSERT INTO `player` (`Team_Name`,`Number`,`Name`,`Age`,`Position`) VALUES ('Philadelphia 76ers',0,'Tyrese Maxey',21,'G');
INSERT INTO `player` (`Team_Name`,`Number`,`Name`,`Age`,`Position`) VALUES ('Miami Heat',40,'Udonis Haslem',41,'F');
INSERT INTO `player` (`Team_Name`,`Number`,`Name`,`Age`,`Position`) VALUES ('Charlotte Hornets',22,'Vernon Carey Jr.',20,'F-C');
INSERT INTO `player` (`Team_Name`,`Number`,`Name`,`Age`,`Position`) VALUES ('Miami Heat',4,'Victor Oladipo',29,'G');
INSERT INTO `player` (`Team_Name`,`Number`,`Name`,`Age`,`Position`) VALUES ('New York Knicks',11,'Wayne Selden',27,'G');
INSERT INTO `player` (`Team_Name`,`Number`,`Name`,`Age`,`Position`) VALUES ('Orlando Magic',34,'Wendell Carter Jr.',22,'C-F');
INSERT INTO `player` (`Team_Name`,`Number`,`Name`,`Age`,`Position`) VALUES ('Dallas Mavericks',33,'Willie Cauley-Stein',28,'C');
INSERT INTO `player` (`Team_Name`,`Number`,`Name`,`Age`,`Position`) VALUES ('San Antonio Spurs',23,'Zach Collins',24,'F-C');
INSERT INTO `player` (`Team_Name`,`Number`,`Name`,`Age`,`Position`) VALUES ('Chicago Bulls',8,'Zach LaVine',26,'G-F');
/*
-- Query: SELECT * FROM `cs157a-team6`.record
-- Date: 2021-12-10 17:50
*/
CREATE TABLE Record (Record_ID INT, Description VARCHAR(1000), Value INT, Player_Number TINYINT, Team_Name VARCHAR(100), Match_ID INT, PRIMARY KEY (Record_ID));
INSERT INTO `record` (`Record_ID`,`Description`,`Value`,`Player_Number`,`Team_Name`,`Match_ID`) VALUES (1,'Highest points made',30,1,'Orlando Magic',1);
INSERT INTO `record` (`Record_ID`,`Description`,`Value`,`Player_Number`,`Team_Name`,`Match_ID`) VALUES (2,'Highest field goals made',30,1,'Orlando Magic',1);
INSERT INTO `record` (`Record_ID`,`Description`,`Value`,`Player_Number`,`Team_Name`,`Match_ID`) VALUES (3,'Highest steals made',3,2,'San Antoino Spurs',2);
INSERT INTO `record` (`Record_ID`,`Description`,`Value`,`Player_Number`,`Team_Name`,`Match_ID`) VALUES (4,'Highest blocks made',4,3,'Brooklyn Nets',3);
INSERT INTO `record` (`Record_ID`,`Description`,`Value`,`Player_Number`,`Team_Name`,`Match_ID`) VALUES (5,'Highest rebounds made',23,4,'Golden State Warriors',4);
INSERT INTO `record` (`Record_ID`,`Description`,`Value`,`Player_Number`,`Team_Name`,`Match_ID`) VALUES (6,'Highest 3 pointers made',4,5,'Milwaukee Bucks',5);
INSERT INTO `record` (`Record_ID`,`Description`,`Value`,`Player_Number`,`Team_Name`,`Match_ID`) VALUES (7,'Highest Average points made per game',20,1,'Orlando Magic',NULL);
INSERT INTO `record` (`Record_ID`,`Description`,`Value`,`Player_Number`,`Team_Name`,`Match_ID`) VALUES (8,'Highest Average field goals made',20,1,'Orlando Magic',NULL);
INSERT INTO `record` (`Record_ID`,`Description`,`Value`,`Player_Number`,`Team_Name`,`Match_ID`) VALUES (9,'Highest Average steals made',2,2,'San Antonio Spurs',NULL);
INSERT INTO `record` (`Record_ID`,`Description`,`Value`,`Player_Number`,`Team_Name`,`Match_ID`) VALUES (10,'Highest Average blocks made',3,3,'Brooklyn Nets',NULL);
INSERT INTO `record` (`Record_ID`,`Description`,`Value`,`Player_Number`,`Team_Name`,`Match_ID`) VALUES (11,'Highest Average rebounds made',20,4,'Golden State Warriors',NULL);
INSERT INTO `record` (`Record_ID`,`Description`,`Value`,`Player_Number`,`Team_Name`,`Match_ID`) VALUES (12,'Highest Average 3 pointers made',3,5,'Milwaukee Bucks',NULL);
INSERT INTO `record` (`Record_ID`,`Description`,`Value`,`Player_Number`,`Team_Name`,`Match_ID`) VALUES (13,'Highest assists made',11,6,'Chicago Bulls',12);
INSERT INTO `record` (`Record_ID`,`Description`,`Value`,`Player_Number`,`Team_Name`,`Match_ID`) VALUES (14,'Highest Average assists made',8,6,'Chicago Bulls',NULL);
INSERT INTO `record` (`Record_ID`,`Description`,`Value`,`Player_Number`,`Team_Name`,`Match_ID`) VALUES (15,'Highest number of season games played',1601,1,'Orlando Magic',NULL);
/*
-- Query: SELECT * FROM `cs157a-team6`.referee
-- Date: 2021-12-10 17:54
*/
CREATE TABLE Referee (Referee_ID INT, First_Name VARCHAR(100), Last_Name VARCHAR(100), PRIMARY KEY (Referee_ID));
INSERT INTO `referee` (`Referee_ID`,`First_Name`,`Last_Name`) VALUES (1,'Jerome','Childs');
INSERT INTO `referee` (`Referee_ID`,`First_Name`,`Last_Name`) VALUES (2,'Humphrey','Miles');
INSERT INTO `referee` (`Referee_ID`,`First_Name`,`Last_Name`) VALUES (3,'Callie','Sparks');
INSERT INTO `referee` (`Referee_ID`,`First_Name`,`Last_Name`) VALUES (4,'Owen','Browning');
INSERT INTO `referee` (`Referee_ID`,`First_Name`,`Last_Name`) VALUES (5,'Sania','England');
INSERT INTO `referee` (`Referee_ID`,`First_Name`,`Last_Name`) VALUES (6,'Kiran','Wharton');
INSERT INTO `referee` (`Referee_ID`,`First_Name`,`Last_Name`) VALUES (7,'Zakir','Dickens');
INSERT INTO `referee` (`Referee_ID`,`First_Name`,`Last_Name`) VALUES (8,'Sonny','Pennington');
INSERT INTO `referee` (`Referee_ID`,`First_Name`,`Last_Name`) VALUES (9,'Rianna','Harrington');
INSERT INTO `referee` (`Referee_ID`,`First_Name`,`Last_Name`) VALUES (10,'Davina','Mooney');
INSERT INTO `referee` (`Referee_ID`,`First_Name`,`Last_Name`) VALUES (11,'Lachlan','Sharpe');
INSERT INTO `referee` (`Referee_ID`,`First_Name`,`Last_Name`) VALUES (12,'Fredrick','Hatfield');
INSERT INTO `referee` (`Referee_ID`,`First_Name`,`Last_Name`) VALUES (13,'Dru','Miranda');
INSERT INTO `referee` (`Referee_ID`,`First_Name`,`Last_Name`) VALUES (14,'Siena','Gordon');
INSERT INTO `referee` (`Referee_ID`,`First_Name`,`Last_Name`) VALUES (15,'Alex','Neal');
/*
-- Query: SELECT * FROM `cs157a-team6`.reserved
-- Date: 2021-12-10 17:59
*/
CREATE TABLE Reserved (Seat_Number INT, Stadium_Name VARCHAR(100), Match_ID INT, Customer_ID INT, PRIMARY KEY (Seat_Number, Match_ID, Customer_ID));
INSERT INTO `reserved` (`Seat_Number`,`Stadium_Name`,`Match_ID`,`Customer_ID`) VALUES (1,'Amway Center',1,1);
INSERT INTO `reserved` (`Seat_Number`,`Stadium_Name`,`Match_ID`,`Customer_ID`) VALUES (2,'AT&T Center',2,2);
INSERT INTO `reserved` (`Seat_Number`,`Stadium_Name`,`Match_ID`,`Customer_ID`) VALUES (3,'Barclays Center',3,3);
INSERT INTO `reserved` (`Seat_Number`,`Stadium_Name`,`Match_ID`,`Customer_ID`) VALUES (4,'Chase Center',4,4);
INSERT INTO `reserved` (`Seat_Number`,`Stadium_Name`,`Match_ID`,`Customer_ID`) VALUES (5,'Fiserv Forum',5,5);
INSERT INTO `reserved` (`Seat_Number`,`Stadium_Name`,`Match_ID`,`Customer_ID`) VALUES (6,'FTX Arena',6,6);
INSERT INTO `reserved` (`Seat_Number`,`Stadium_Name`,`Match_ID`,`Customer_ID`) VALUES (7,'Golden 1 Center',7,7);
INSERT INTO `reserved` (`Seat_Number`,`Stadium_Name`,`Match_ID`,`Customer_ID`) VALUES (8,'Madison Square Guarden',8,8);
INSERT INTO `reserved` (`Seat_Number`,`Stadium_Name`,`Match_ID`,`Customer_ID`) VALUES (9,'Moda Center',9,9);
INSERT INTO `reserved` (`Seat_Number`,`Stadium_Name`,`Match_ID`,`Customer_ID`) VALUES (10,'Rocket Mortgage FieldHouse',10,10);
INSERT INTO `reserved` (`Seat_Number`,`Stadium_Name`,`Match_ID`,`Customer_ID`) VALUES (11,'Spectrum Center',11,11);
INSERT INTO `reserved` (`Seat_Number`,`Stadium_Name`,`Match_ID`,`Customer_ID`) VALUES (12,'Target Center',12,12);
INSERT INTO `reserved` (`Seat_Number`,`Stadium_Name`,`Match_ID`,`Customer_ID`) VALUES (13,'United Center',13,13);
INSERT INTO `reserved` (`Seat_Number`,`Stadium_Name`,`Match_ID`,`Customer_ID`) VALUES (14,'Wells Fargo Center',14,14);
INSERT INTO `reserved` (`Seat_Number`,`Stadium_Name`,`Match_ID`,`Customer_ID`) VALUES (15,'State Farm Arena',15,15);
/*
-- Query: SELECT * FROM `cs157a-team6`.seat
-- Date: 2021-12-10 17:56
*/
CREATE TABLE Seat (Seat_Number INT, Stadium_Name VARCHAR(100));
INSERT INTO `seat` (`Seat_Number`,`Stadium_Name`) VALUES (1,'Amway Center');
INSERT INTO `seat` (`Seat_Number`,`Stadium_Name`) VALUES (2,'Amway Center');
INSERT INTO `seat` (`Seat_Number`,`Stadium_Name`) VALUES (3,'Amway Center');
INSERT INTO `seat` (`Seat_Number`,`Stadium_Name`) VALUES (4,'Amway Center');
INSERT INTO `seat` (`Seat_Number`,`Stadium_Name`) VALUES (5,'Amway Center');
INSERT INTO `seat` (`Seat_Number`,`Stadium_Name`) VALUES (6,'Amway Center');
INSERT INTO `seat` (`Seat_Number`,`Stadium_Name`) VALUES (7,'Amway Center');
INSERT INTO `seat` (`Seat_Number`,`Stadium_Name`) VALUES (8,'Amway Center');
INSERT INTO `seat` (`Seat_Number`,`Stadium_Name`) VALUES (9,'Amway Center');
INSERT INTO `seat` (`Seat_Number`,`Stadium_Name`) VALUES (10,'Amway Center');
INSERT INTO `seat` (`Seat_Number`,`Stadium_Name`) VALUES (11,'AT&T Center');
INSERT INTO `seat` (`Seat_Number`,`Stadium_Name`) VALUES (12,'AT&T Center');
INSERT INTO `seat` (`Seat_Number`,`Stadium_Name`) VALUES (13,'AT&T Center');
INSERT INTO `seat` (`Seat_Number`,`Stadium_Name`) VALUES (14,'AT&T Center');
INSERT INTO `seat` (`Seat_Number`,`Stadium_Name`) VALUES (15,'AT&T Center');
INSERT INTO `seat` (`Seat_Number`,`Stadium_Name`) VALUES (16,'AT&T Center');
INSERT INTO `seat` (`Seat_Number`,`Stadium_Name`) VALUES (17,'AT&T Center');
INSERT INTO `seat` (`Seat_Number`,`Stadium_Name`) VALUES (18,'AT&T Center');
INSERT INTO `seat` (`Seat_Number`,`Stadium_Name`) VALUES (19,'AT&T Center');
INSERT INTO `seat` (`Seat_Number`,`Stadium_Name`) VALUES (20,'AT&T Center');
INSERT INTO `seat` (`Seat_Number`,`Stadium_Name`) VALUES (21,'Barclays Center');
INSERT INTO `seat` (`Seat_Number`,`Stadium_Name`) VALUES (22,'Barclays Center');
INSERT INTO `seat` (`Seat_Number`,`Stadium_Name`) VALUES (23,'Barclays Center');
INSERT INTO `seat` (`Seat_Number`,`Stadium_Name`) VALUES (24,'Barclays Center');
INSERT INTO `seat` (`Seat_Number`,`Stadium_Name`) VALUES (25,'Barclays Center');
INSERT INTO `seat` (`Seat_Number`,`Stadium_Name`) VALUES (26,'Barclays Center');
INSERT INTO `seat` (`Seat_Number`,`Stadium_Name`) VALUES (27,'Barclays Center');
INSERT INTO `seat` (`Seat_Number`,`Stadium_Name`) VALUES (28,'Barclays Center');
INSERT INTO `seat` (`Seat_Number`,`Stadium_Name`) VALUES (29,'Barclays Center');
INSERT INTO `seat` (`Seat_Number`,`Stadium_Name`) VALUES (30,'Barclays Center');
INSERT INTO `seat` (`Seat_Number`,`Stadium_Name`) VALUES (31,'Chase Center');
INSERT INTO `seat` (`Seat_Number`,`Stadium_Name`) VALUES (32,'Chase Center');
INSERT INTO `seat` (`Seat_Number`,`Stadium_Name`) VALUES (33,'Chase Center');
INSERT INTO `seat` (`Seat_Number`,`Stadium_Name`) VALUES (34,'Chase Center');
INSERT INTO `seat` (`Seat_Number`,`Stadium_Name`) VALUES (35,'Chase Center');
INSERT INTO `seat` (`Seat_Number`,`Stadium_Name`) VALUES (36,'Chase Center');
INSERT INTO `seat` (`Seat_Number`,`Stadium_Name`) VALUES (37,'Chase Center');
INSERT INTO `seat` (`Seat_Number`,`Stadium_Name`) VALUES (38,'Chase Center');
INSERT INTO `seat` (`Seat_Number`,`Stadium_Name`) VALUES (39,'Chase Center');
INSERT INTO `seat` (`Seat_Number`,`Stadium_Name`) VALUES (40,'Chase Center');
INSERT INTO `seat` (`Seat_Number`,`Stadium_Name`) VALUES (41,'Fiserv Forum');
INSERT INTO `seat` (`Seat_Number`,`Stadium_Name`) VALUES (42,'Fiserv Forum');
INSERT INTO `seat` (`Seat_Number`,`Stadium_Name`) VALUES (43,'Fiserv Forum');
INSERT INTO `seat` (`Seat_Number`,`Stadium_Name`) VALUES (44,'Fiserv Forum');
INSERT INTO `seat` (`Seat_Number`,`Stadium_Name`) VALUES (45,'Fiserv Forum');
INSERT INTO `seat` (`Seat_Number`,`Stadium_Name`) VALUES (46,'Fiserv Forum');
INSERT INTO `seat` (`Seat_Number`,`Stadium_Name`) VALUES (47,'Fiserv Forum');
INSERT INTO `seat` (`Seat_Number`,`Stadium_Name`) VALUES (48,'Fiserv Forum');
INSERT INTO `seat` (`Seat_Number`,`Stadium_Name`) VALUES (49,'Fiserv Forum');
INSERT INTO `seat` (`Seat_Number`,`Stadium_Name`) VALUES (50,'Fiserv Forum');
INSERT INTO `seat` (`Seat_Number`,`Stadium_Name`) VALUES (51,'FTX Arena');
INSERT INTO `seat` (`Seat_Number`,`Stadium_Name`) VALUES (52,'FTX Arena');
INSERT INTO `seat` (`Seat_Number`,`Stadium_Name`) VALUES (53,'FTX Arena');
INSERT INTO `seat` (`Seat_Number`,`Stadium_Name`) VALUES (54,'FTX Arena');
INSERT INTO `seat` (`Seat_Number`,`Stadium_Name`) VALUES (55,'FTX Arena');
INSERT INTO `seat` (`Seat_Number`,`Stadium_Name`) VALUES (56,'FTX Arena');
INSERT INTO `seat` (`Seat_Number`,`Stadium_Name`) VALUES (57,'FTX Arena');
INSERT INTO `seat` (`Seat_Number`,`Stadium_Name`) VALUES (58,'FTX Arena');
INSERT INTO `seat` (`Seat_Number`,`Stadium_Name`) VALUES (59,'FTX Arena');
INSERT INTO `seat` (`Seat_Number`,`Stadium_Name`) VALUES (60,'FTX Arena');
INSERT INTO `seat` (`Seat_Number`,`Stadium_Name`) VALUES (61,'Golden 1 Center');
INSERT INTO `seat` (`Seat_Number`,`Stadium_Name`) VALUES (62,'Golden 1 Center');
INSERT INTO `seat` (`Seat_Number`,`Stadium_Name`) VALUES (63,'Golden 1 Center');
INSERT INTO `seat` (`Seat_Number`,`Stadium_Name`) VALUES (64,'Golden 1 Center');
INSERT INTO `seat` (`Seat_Number`,`Stadium_Name`) VALUES (65,'Golden 1 Center');
INSERT INTO `seat` (`Seat_Number`,`Stadium_Name`) VALUES (66,'Golden 1 Center');
INSERT INTO `seat` (`Seat_Number`,`Stadium_Name`) VALUES (67,'Golden 1 Center');
INSERT INTO `seat` (`Seat_Number`,`Stadium_Name`) VALUES (68,'Golden 1 Center');
INSERT INTO `seat` (`Seat_Number`,`Stadium_Name`) VALUES (69,'Golden 1 Center');
INSERT INTO `seat` (`Seat_Number`,`Stadium_Name`) VALUES (70,'Golden 1 Center');
INSERT INTO `seat` (`Seat_Number`,`Stadium_Name`) VALUES (71,'Madison Square Guarden');
INSERT INTO `seat` (`Seat_Number`,`Stadium_Name`) VALUES (72,'Madison Square Guarden');
INSERT INTO `seat` (`Seat_Number`,`Stadium_Name`) VALUES (73,'Madison Square Guarden');
INSERT INTO `seat` (`Seat_Number`,`Stadium_Name`) VALUES (74,'Madison Square Guarden');
INSERT INTO `seat` (`Seat_Number`,`Stadium_Name`) VALUES (75,'Madison Square Guarden');
INSERT INTO `seat` (`Seat_Number`,`Stadium_Name`) VALUES (76,'Madison Square Guarden');
INSERT INTO `seat` (`Seat_Number`,`Stadium_Name`) VALUES (77,'Madison Square Guarden');
INSERT INTO `seat` (`Seat_Number`,`Stadium_Name`) VALUES (78,'Madison Square Guarden');
INSERT INTO `seat` (`Seat_Number`,`Stadium_Name`) VALUES (79,'Madison Square Guarden');
INSERT INTO `seat` (`Seat_Number`,`Stadium_Name`) VALUES (80,'Madison Square Guarden');
INSERT INTO `seat` (`Seat_Number`,`Stadium_Name`) VALUES (81,'Moda Center');
INSERT INTO `seat` (`Seat_Number`,`Stadium_Name`) VALUES (82,'Moda Center');
INSERT INTO `seat` (`Seat_Number`,`Stadium_Name`) VALUES (83,'Moda Center');
INSERT INTO `seat` (`Seat_Number`,`Stadium_Name`) VALUES (84,'Moda Center');
INSERT INTO `seat` (`Seat_Number`,`Stadium_Name`) VALUES (85,'Moda Center');
INSERT INTO `seat` (`Seat_Number`,`Stadium_Name`) VALUES (86,'Moda Center');
INSERT INTO `seat` (`Seat_Number`,`Stadium_Name`) VALUES (87,'Moda Center');
INSERT INTO `seat` (`Seat_Number`,`Stadium_Name`) VALUES (88,'Moda Center');
INSERT INTO `seat` (`Seat_Number`,`Stadium_Name`) VALUES (89,'Moda Center');
INSERT INTO `seat` (`Seat_Number`,`Stadium_Name`) VALUES (90,'Moda Center');
INSERT INTO `seat` (`Seat_Number`,`Stadium_Name`) VALUES (91,'Rocket Mortgage FieldHouse');
INSERT INTO `seat` (`Seat_Number`,`Stadium_Name`) VALUES (92,'Rocket Mortgage FieldHouse');
INSERT INTO `seat` (`Seat_Number`,`Stadium_Name`) VALUES (93,'Rocket Mortgage FieldHouse');
INSERT INTO `seat` (`Seat_Number`,`Stadium_Name`) VALUES (94,'Rocket Mortgage FieldHouse');
INSERT INTO `seat` (`Seat_Number`,`Stadium_Name`) VALUES (95,'Rocket Mortgage FieldHouse');
INSERT INTO `seat` (`Seat_Number`,`Stadium_Name`) VALUES (96,'Rocket Mortgage FieldHouse');
INSERT INTO `seat` (`Seat_Number`,`Stadium_Name`) VALUES (97,'Rocket Mortgage FieldHouse');
INSERT INTO `seat` (`Seat_Number`,`Stadium_Name`) VALUES (98,'Rocket Mortgage FieldHouse');
INSERT INTO `seat` (`Seat_Number`,`Stadium_Name`) VALUES (99,'Rocket Mortgage FieldHouse');
INSERT INTO `seat` (`Seat_Number`,`Stadium_Name`) VALUES (100,'Rocket Mortgage FieldHouse');
INSERT INTO `seat` (`Seat_Number`,`Stadium_Name`) VALUES (101,'Spectrum Center');
INSERT INTO `seat` (`Seat_Number`,`Stadium_Name`) VALUES (102,'Spectrum Center');
INSERT INTO `seat` (`Seat_Number`,`Stadium_Name`) VALUES (103,'Spectrum Center');
INSERT INTO `seat` (`Seat_Number`,`Stadium_Name`) VALUES (104,'Spectrum Center');
INSERT INTO `seat` (`Seat_Number`,`Stadium_Name`) VALUES (105,'Spectrum Center');
INSERT INTO `seat` (`Seat_Number`,`Stadium_Name`) VALUES (106,'Spectrum Center');
INSERT INTO `seat` (`Seat_Number`,`Stadium_Name`) VALUES (107,'Spectrum Center');
INSERT INTO `seat` (`Seat_Number`,`Stadium_Name`) VALUES (108,'Spectrum Center');
INSERT INTO `seat` (`Seat_Number`,`Stadium_Name`) VALUES (109,'Spectrum Center');
INSERT INTO `seat` (`Seat_Number`,`Stadium_Name`) VALUES (110,'Spectrum Center');
INSERT INTO `seat` (`Seat_Number`,`Stadium_Name`) VALUES (111,'Target Center');
INSERT INTO `seat` (`Seat_Number`,`Stadium_Name`) VALUES (112,'Target Center');
INSERT INTO `seat` (`Seat_Number`,`Stadium_Name`) VALUES (113,'Target Center');
INSERT INTO `seat` (`Seat_Number`,`Stadium_Name`) VALUES (114,'Target Center');
INSERT INTO `seat` (`Seat_Number`,`Stadium_Name`) VALUES (115,'Target Center');
INSERT INTO `seat` (`Seat_Number`,`Stadium_Name`) VALUES (116,'Target Center');
INSERT INTO `seat` (`Seat_Number`,`Stadium_Name`) VALUES (117,'Target Center');
INSERT INTO `seat` (`Seat_Number`,`Stadium_Name`) VALUES (118,'Target Center');
INSERT INTO `seat` (`Seat_Number`,`Stadium_Name`) VALUES (119,'Target Center');
INSERT INTO `seat` (`Seat_Number`,`Stadium_Name`) VALUES (120,'Target Center');
INSERT INTO `seat` (`Seat_Number`,`Stadium_Name`) VALUES (121,'United Center');
INSERT INTO `seat` (`Seat_Number`,`Stadium_Name`) VALUES (122,'United Center');
INSERT INTO `seat` (`Seat_Number`,`Stadium_Name`) VALUES (123,'United Center');
INSERT INTO `seat` (`Seat_Number`,`Stadium_Name`) VALUES (124,'United Center');
INSERT INTO `seat` (`Seat_Number`,`Stadium_Name`) VALUES (125,'United Center');
INSERT INTO `seat` (`Seat_Number`,`Stadium_Name`) VALUES (126,'United Center');
INSERT INTO `seat` (`Seat_Number`,`Stadium_Name`) VALUES (127,'United Center');
INSERT INTO `seat` (`Seat_Number`,`Stadium_Name`) VALUES (128,'United Center');
INSERT INTO `seat` (`Seat_Number`,`Stadium_Name`) VALUES (129,'United Center');
INSERT INTO `seat` (`Seat_Number`,`Stadium_Name`) VALUES (130,'United Center');
INSERT INTO `seat` (`Seat_Number`,`Stadium_Name`) VALUES (131,'Wells Fargo Center');
INSERT INTO `seat` (`Seat_Number`,`Stadium_Name`) VALUES (132,'Wells Fargo Center');
INSERT INTO `seat` (`Seat_Number`,`Stadium_Name`) VALUES (133,'Wells Fargo Center');
INSERT INTO `seat` (`Seat_Number`,`Stadium_Name`) VALUES (134,'Wells Fargo Center');
INSERT INTO `seat` (`Seat_Number`,`Stadium_Name`) VALUES (135,'Wells Fargo Center');
INSERT INTO `seat` (`Seat_Number`,`Stadium_Name`) VALUES (136,'Wells Fargo Center');
INSERT INTO `seat` (`Seat_Number`,`Stadium_Name`) VALUES (137,'Wells Fargo Center');
INSERT INTO `seat` (`Seat_Number`,`Stadium_Name`) VALUES (138,'Wells Fargo Center');
INSERT INTO `seat` (`Seat_Number`,`Stadium_Name`) VALUES (139,'Wells Fargo Center');
INSERT INTO `seat` (`Seat_Number`,`Stadium_Name`) VALUES (140,'Wells Fargo Center');
INSERT INTO `seat` (`Seat_Number`,`Stadium_Name`) VALUES (141,'State Farm Arena');
INSERT INTO `seat` (`Seat_Number`,`Stadium_Name`) VALUES (142,'State Farm Arena');
INSERT INTO `seat` (`Seat_Number`,`Stadium_Name`) VALUES (143,'State Farm Arena');
INSERT INTO `seat` (`Seat_Number`,`Stadium_Name`) VALUES (144,'State Farm Arena');
INSERT INTO `seat` (`Seat_Number`,`Stadium_Name`) VALUES (145,'State Farm Arena');
INSERT INTO `seat` (`Seat_Number`,`Stadium_Name`) VALUES (146,'State Farm Arena');
INSERT INTO `seat` (`Seat_Number`,`Stadium_Name`) VALUES (147,'State Farm Arena');
INSERT INTO `seat` (`Seat_Number`,`Stadium_Name`) VALUES (148,'State Farm Arena');
INSERT INTO `seat` (`Seat_Number`,`Stadium_Name`) VALUES (149,'State Farm Arena');
INSERT INTO `seat` (`Seat_Number`,`Stadium_Name`) VALUES (150,'State Farm Arena');
/*
-- Query: SELECT * FROM `cs157a-team6`.shot
-- Date: 2021-12-10 18:00
*/
CREATE TABLE Shot (Match_ID INT, Shot_Number INT, Shot_Type VARCHAR(100), Player_Number TINYINT, Team_Name VARCHAR(100));
INSERT INTO `shot` (`Match_ID`,`Shot_Number`,`Shot_Type`,`Player_Number`,`Team_Name`) VALUES (3,3,'3 pointer',3,'Brooklyn Nets');
INSERT INTO `shot` (`Match_ID`,`Shot_Number`,`Shot_Type`,`Player_Number`,`Team_Name`) VALUES (2,3,'free throw',5,'San Antoino Spurs');
INSERT INTO `shot` (`Match_ID`,`Shot_Number`,`Shot_Type`,`Player_Number`,`Team_Name`) VALUES (4,4,'2 pointer',6,'Golden State Warriors');
INSERT INTO `shot` (`Match_ID`,`Shot_Number`,`Shot_Type`,`Player_Number`,`Team_Name`) VALUES (5,6,'3 pointer',7,'Milwaukee Bucks');
INSERT INTO `shot` (`Match_ID`,`Shot_Number`,`Shot_Type`,`Player_Number`,`Team_Name`) VALUES (6,3,'free throw',8,'Miami Heat');
INSERT INTO `shot` (`Match_ID`,`Shot_Number`,`Shot_Type`,`Player_Number`,`Team_Name`) VALUES (7,2,'2 pointer',5,'Sacramento Kings');
INSERT INTO `shot` (`Match_ID`,`Shot_Number`,`Shot_Type`,`Player_Number`,`Team_Name`) VALUES (8,5,'3 pointer',9,'Portland Trail Blazers');
INSERT INTO `shot` (`Match_ID`,`Shot_Number`,`Shot_Type`,`Player_Number`,`Team_Name`) VALUES (9,4,'free throw',10,'Cleveland Cavaliers');
INSERT INTO `shot` (`Match_ID`,`Shot_Number`,`Shot_Type`,`Player_Number`,`Team_Name`) VALUES (10,3,'2 pointer',11,'Charlotte Hornets');
INSERT INTO `shot` (`Match_ID`,`Shot_Number`,`Shot_Type`,`Player_Number`,`Team_Name`) VALUES (11,2,'3 pointer',12,'Minnesota Timberwolves');
INSERT INTO `shot` (`Match_ID`,`Shot_Number`,`Shot_Type`,`Player_Number`,`Team_Name`) VALUES (12,5,'free throw',13,'Chicago Bulls');
INSERT INTO `shot` (`Match_ID`,`Shot_Number`,`Shot_Type`,`Player_Number`,`Team_Name`) VALUES (13,4,'2 pointer',14,'Philadelphia 76ers');
INSERT INTO `shot` (`Match_ID`,`Shot_Number`,`Shot_Type`,`Player_Number`,`Team_Name`) VALUES (14,3,'3 pointer',15,'New York Knicks');
INSERT INTO `shot` (`Match_ID`,`Shot_Number`,`Shot_Type`,`Player_Number`,`Team_Name`) VALUES (15,2,'free throw',16,'Dallas Mavericks');
INSERT INTO `shot` (`Match_ID`,`Shot_Number`,`Shot_Type`,`Player_Number`,`Team_Name`) VALUES (1,4,'2 pointer',17,'Orlando Magic');
/*
-- Query: SELECT * FROM `cs157a-team6`.stadium
-- Date: 2021-12-10 18:02
*/
CREATE TABLE Stadium (Name VARCHAR(100), StreetAddr VARCHAR(150), City VARCHAR(50), State VARCHAR(50), Capacity INT, PRIMARY KEY (Name));
INSERT INTO `stadium` (`Name`,`StreetAddr`,`City`,`State`,`Capacity`) VALUES ('Amway Center','400 W Church St Suite 200','Orlando','Florida',18846);
INSERT INTO `stadium` (`Name`,`StreetAddr`,`City`,`State`,`Capacity`) VALUES ('AT&T Center','1 AT&T Center Parkway','San Antonio','Texas',18418);
INSERT INTO `stadium` (`Name`,`StreetAddr`,`City`,`State`,`Capacity`) VALUES ('Barclays Center','620 Atlantic Ave','Brooklyn','New York',17732);
INSERT INTO `stadium` (`Name`,`StreetAddr`,`City`,`State`,`Capacity`) VALUES ('Chase Center','1 Warriors Way','San Francisco','California',18064);
INSERT INTO `stadium` (`Name`,`StreetAddr`,`City`,`State`,`Capacity`) VALUES ('Fiserv Forum','1111 Vel R. Phillips Ave','Milwaukee','Wisconsin',17500);
INSERT INTO `stadium` (`Name`,`StreetAddr`,`City`,`State`,`Capacity`) VALUES ('FTX Arena','601 Biscayne Blvd','Miami','Florida',19600);
INSERT INTO `stadium` (`Name`,`StreetAddr`,`City`,`State`,`Capacity`) VALUES ('Golden 1 Center','500 David J Stern Walk','Sacramento','California',17583);
INSERT INTO `stadium` (`Name`,`StreetAddr`,`City`,`State`,`Capacity`) VALUES ('Madison Square Guarden','4 Pennsylvania Plaza','New York City','New York',19812);
INSERT INTO `stadium` (`Name`,`StreetAddr`,`City`,`State`,`Capacity`) VALUES ('Moda Center','1 N Center Ct St','Portland','Oregon',19441);
INSERT INTO `stadium` (`Name`,`StreetAddr`,`City`,`State`,`Capacity`) VALUES ('Rocket Mortgage FieldHouse','1 Center Court','Cleveland','Ohio',19432);
INSERT INTO `stadium` (`Name`,`StreetAddr`,`City`,`State`,`Capacity`) VALUES ('Spectrum Center','333 E Trade St','Charlotte','North Carolina',19077);
INSERT INTO `stadium` (`Name`,`StreetAddr`,`City`,`State`,`Capacity`) VALUES ('State Farm Arena','1 State Farm Dr','Atlanta','Georgia',18118);
INSERT INTO `stadium` (`Name`,`StreetAddr`,`City`,`State`,`Capacity`) VALUES ('Target Center','600 N 1st Ave','Minneapolis','Minnesota',18978);
INSERT INTO `stadium` (`Name`,`StreetAddr`,`City`,`State`,`Capacity`) VALUES ('United Center','1901 W Madison St','Chicago','Illinois',20917);
INSERT INTO `stadium` (`Name`,`StreetAddr`,`City`,`State`,`Capacity`) VALUES ('Wells Fargo Center','3601 S Broad St','Philadelphia','Pennsylvania',20478);
/*
-- Query: SELECT * FROM `cs157a-team6`.team
-- Date: 2021-12-10 18:04
*/
CREATE TABLE Team (Name VARCHAR(100), Region VARCHAR(50), ImgLinkHTML VARCHAR(150), DetailsLinkRefHTML VARCHAR(200), PRIMARY KEY (Name));
INSERT INTO `team` (`Name`,`Region`,`ImgLinkHTML`,`DetailsLinkRefHTML`) VALUES ('Brooklyn Nets','Atlantic','<img src = \"https://i.imgur.com/weTPzUg.png\">','<a href = \"TeamPlayers/BrooklynNets.jsp\" style=\"color:blue\">Details</a>');
INSERT INTO `team` (`Name`,`Region`,`ImgLinkHTML`,`DetailsLinkRefHTML`) VALUES ('Charlotte Hornets','Southeast','<img src = \"https://i.imgur.com/BreCWkR.png\">','<a href = \"TeamPlayers/CharlotteHornets.jsp\" style=\"color:blue\">Details</a>');
INSERT INTO `team` (`Name`,`Region`,`ImgLinkHTML`,`DetailsLinkRefHTML`) VALUES ('Chicago Bulls','Central','<img src = \"https://i.imgur.com/MhiSkvu.png\">','<a href = \"TeamPlayers/ChicagoBulls.jsp\" style=\"color:blue\">Details</a>');
INSERT INTO `team` (`Name`,`Region`,`ImgLinkHTML`,`DetailsLinkRefHTML`) VALUES ('Cleveland Cavaliers','Central','<img src = \"https://i.imgur.com/Fzxm85n.png\">','<a href = \"TeamPlayers/ClevelandCavaliers.jsp\" style=\"color:blue\">Details</a>');
INSERT INTO `team` (`Name`,`Region`,`ImgLinkHTML`,`DetailsLinkRefHTML`) VALUES ('Dallas Mavericks','Southwest','<img src = \"https://i.imgur.com/pkTu0gl.png\">','<a href = \"TeamPlayers/DallasMavericks.jsp\" style=\"color:blue\">Details</a>');
INSERT INTO `team` (`Name`,`Region`,`ImgLinkHTML`,`DetailsLinkRefHTML`) VALUES ('Golden State Warriors','Pacific','<img src = \"https://i.imgur.com/UW940hJ.png\">','<a href = \"TeamPlayers/GoldenStateWarriors.jsp\" style=\"color:blue\">Details</a>');
INSERT INTO `team` (`Name`,`Region`,`ImgLinkHTML`,`DetailsLinkRefHTML`) VALUES ('Miami Heat','Southeast','<img src = \"https://i.imgur.com/V5eV3Nq.png\">','<a href = \"TeamPlayers/MiamiHeat.jsp\" style=\"color:blue\">Details</a>');
INSERT INTO `team` (`Name`,`Region`,`ImgLinkHTML`,`DetailsLinkRefHTML`) VALUES ('Milwaukee Bucks','Central','<img src = \"https://i.imgur.com/xMoTbM6.png\">','<a href = \"TeamPlayers/MilwaukeeBucks.jsp\" style=\"color:blue\">Details</a>');
INSERT INTO `team` (`Name`,`Region`,`ImgLinkHTML`,`DetailsLinkRefHTML`) VALUES ('Minnesota Timberwolves','Northwest','<img src = \"https://i.imgur.com/hhuAFF3.png\">','<a href = \"TeamPlayers/MinnesotaTimberwolves.jsp\" style=\"color:blue\">Details</a>');
INSERT INTO `team` (`Name`,`Region`,`ImgLinkHTML`,`DetailsLinkRefHTML`) VALUES ('New York Knicks','Atlantic','<img src = \"https://i.imgur.com/TZj29Nu.png\">','<a href = \"TeamPlayers/NewYorkKnicks.jsp\" style=\"color:blue\">Details</a>');
INSERT INTO `team` (`Name`,`Region`,`ImgLinkHTML`,`DetailsLinkRefHTML`) VALUES ('Orlando Magic','Southeast','<img src = \"https://i.imgur.com/G6caWhS.png\">','<a href = \"TeamPlayers/OrlandoMagic.jsp\" style=\"color:blue\">Details</a>');
INSERT INTO `team` (`Name`,`Region`,`ImgLinkHTML`,`DetailsLinkRefHTML`) VALUES ('Philadelphia 76ers','Atlantic','<img src = \"https://i.imgur.com/cPI7jof.png\">','<a href = \"TeamPlayers/Philadelphia76ers.jsp\" style=\"color:blue\">Details</a>');
INSERT INTO `team` (`Name`,`Region`,`ImgLinkHTML`,`DetailsLinkRefHTML`) VALUES ('Portland Trail Blazers','Northwest','<img src = \"https://i.imgur.com/BqrD9Jy.png\">','<a href = \"TeamPlayers/PortlandTrailBlazers.jsp\" style=\"color:blue\">Details</a>');
INSERT INTO `team` (`Name`,`Region`,`ImgLinkHTML`,`DetailsLinkRefHTML`) VALUES ('Sacramento Kings','Pacific','<img src = \"https://i.imgur.com/IGirVrC.png\">','<a href = \"TeamPlayers/SacramentoKings.jsp\" style=\"color:blue\">Details</a>');
INSERT INTO `team` (`Name`,`Region`,`ImgLinkHTML`,`DetailsLinkRefHTML`) VALUES ('San Antonio Spurs','Southwest','<img src = \"https://i.imgur.com/LfBwFLZ.png\">','<a href = \"TeamPlayers/SanAntonioSpurs.jsp\" style=\"color:blue\">Details</a>');
